<?xml version="1.0" encoding="UTF-8"?>
<jcr:root xmlns:cq="http://www.day.com/jcr/cq/1.0" xmlns:jcr="http://www.jcp.org/jcr/1.0" xmlns:nt="http://www.jcp.org/jcr/nt/1.0"
    jcr:primaryType="cq:Dialog"
    title="Dialog"
    xtype="dialog">
    <items jcr:primaryType="cq:TabPanel">
        <items jcr:primaryType="cq:WidgetCollection">
            <tab1
                jcr:primaryType="cq:Panel"
                title="General">
                <items jcr:primaryType="cq:WidgetCollection">
                    <videoPlayerPL
                        jcr:primaryType="cq:Widget"
                        allowBlank="false"
                        fieldDescription=""
                        fieldLabel="Playlist:"
                        fieldSubLabel=""
                        name="./videoPlayerPL"
                        options="/bin/brightcove/api?a=4"
                        optionsQTipField="name"
                        optionsRoot="items"
                        optionsTextField="name"
                        optionsValueField="path"
                        type="select"
                        xtype="selection">
                        <optionsConfig
                            jcr:primaryType="nt:unstructured"
                            editable="{Boolean}true"/>
                    </videoPlayerPL>
                </items>
            </tab1>
            <tab2
                jcr:primaryType="cq:Panel"
                title="Account Settings">
                <items jcr:primaryType="cq:WidgetCollection">
                    <playerSelector
                        jcr:primaryType="cq:Widget"
                        allowBlank="true"
                        fieldDescription=""
                        fieldLabel="Player:"
                        fieldSubLabel=""
                        name="./playerSelector"
                        options="/apps/brightcove/components/tools/players.html"
                        optionsQTipField="name"
                        optionsRoot="items"
                        optionsTextField="name"
                        optionsValueField="path"
                        type="select"
                        xtype="selection">
                        <optionsConfig
                            jcr:primaryType="nt:unstructured"
                            editable="{Boolean}true"/>
                    </playerSelector>
                </items>
            </tab2>
        </items>
    </items>
</jcr:root>
